"TABLE_ID","SCHM_ID_OLD","LSCHM_ID_OLD","SCHM_ID_NEW","LSCHM_ID_NEW","WHERE_OLD","WHERE_NEW"
"TBL_EXAMINATION_STATUS_NEW","DBCOMP_DEMO",,"DBCOMP_DEMO","TBL_EXAMINATION_STATUS_OLD",,
"TBL_SUBSCRIPT_NEW","DBCOMP_DEMO",,"DBCOMP_DEMO","TBL_SUBSCRIPT_OLD",,
"TBL_MYMOBIT_HISTORY_1_NEW","DBCOMP_DEMO",,"DBCOMP_DEMO","TBL_MYMOBIT_HISTORY_1_OLD",,
"CCA_SHINKI_MOUSHIKOMI_1_NEW","DBCOMP_DEMO",,"DBCOMP_DEMO","CCA_SHINKI_MOUSHIKOMI_1_OLD",,
"CCA_SHINKI_SHINSA_1_NEW","DBCOMP_DEMO",,"DBCOMP_DEMO","CCA_SHINKI_SHINSA_1_OLD",,
"TBL_EXAMINATION_RECEIPT_1_NEW","DBCOMP_DEMO",,"DBCOMP_DEMO","TBL_EXAMINATION_RECEIPT_1_OLD",,
"TBL_PRE_CONTRACT_DOC_1_NEW","DBCOMP_DEMO",,"DBCOMP_DEMO","TBL_PRE_CONTRACT_DOC_1_OLD",,
"TBL_SUBSCRIPT_1_NEW","DBCOMP_DEMO",,"DBCOMP_DEMO","TBL_SUBSCRIPT_1_OLD",,
"TBL_MYMOBIT_HISTORY_NEW","DBCOMP_DEMO",,"DBCOMP_DEMO","TBL_MYMOBIT_HISTORY_OLD",,
"TBL_USER_NEW","DBCOMP_DEMO",,"DBCOMP_DEMO","TBL_USER_OLD",,
"CCA_GYOMU_SEIGYO_1_NEW","DBCOMP_DEMO",,"DBCOMP_DEMO","CCA_GYOMU_SEIGYO_1_OLD",,
"TBL_TRANS_LOG_NEW","DBCOMP_DEMO",,"DBCOMP_DEMO","TBL_TRANS_LOG_OLD",,
"TBL_CONSULT_CONTACT_1_NEW","DBCOMP_DEMO",,"DBCOMP_DEMO","TBL_CONSULT_CONTACT_1_OLD",,
"CCA_SHINKI_SHINSA_NEW","DBCOMP_DEMO",,"DBCOMP_DEMO","CCA_SHINKI_SHINSA_OLD",,
"TBL_ADMISSION_DOC_NEW","DBCOMP_DEMO",,"DBCOMP_DEMO","TBL_ADMISSION_DOC_OLD",,
"TBL_EXAMINATION_RECEIPT_NEW","DBCOMP_DEMO",,"DBCOMP_DEMO","TBL_EXAMINATION_RECEIPT_OLD",,
"TBL_IMAGE_UPLOAD_ID_NEW","DBCOMP_DEMO",,"DBCOMP_DEMO","TBL_IMAGE_UPLOAD_ID_OLD",,
"TBL_PRE_CONTRACT_DOC_NEW","DBCOMP_DEMO",,"DBCOMP_DEMO","TBL_PRE_CONTRACT_DOC_OLD",,
"TBL_ADDITIONAL_INPUT_NEW","DBCOMP_DEMO",,"DBCOMP_DEMO","TBL_ADDITIONAL_INPUT_OLD",,
"TBL_ADDITIONAL_INPUT_1_NEW","DBCOMP_DEMO",,"DBCOMP_DEMO","TBL_ADDITIONAL_INPUT_1_OLD",,
"CCA_GYOMU_SEIGYO_NEW","DBCOMP_DEMO",,"DBCOMP_DEMO","CCA_GYOMU_SEIGYO_OLD",,
"CCA_SHINKI_MOUSHIKOMI_NEW","DBCOMP_DEMO",,"DBCOMP_DEMO","CCA_SHINKI_MOUSHIKOMI_OLD",,
"TBL_EXAMINATION_STATUS_1_NEW","DBCOMP_DEMO",,"DBCOMP_DEMO","TBL_EXAMINATION_STATUS_1_OLD",,
"TBL_ADMISSION_DOC_1_NEW","DBCOMP_DEMO",,"DBCOMP_DEMO","TBL_ADMISSION_DOC_1_OLD",,
"TBL_IMAGE_UPLOAD_ID_1_NEW","DBCOMP_DEMO",,"DBCOMP_DEMO","TBL_IMAGE_UPLOAD_ID_1_OLD",,
"TBL_USER_1_NEW","DBCOMP_DEMO",,"DBCOMP_DEMO","TBL_USER_1_OLD",,
"TBL_INFO_HISTORY_NEW","DBCOMP_DEMO",,"DBCOMP_DEMO","TBL_INFO_HISTORY_OLD",,
"TBL_INCREASE_SUBSCRIPT_NEW","DBCOMP_DEMO",,"DBCOMP_DEMO","TBL_INCREASE_SUBSCRIPT_OLD",,
"TBL_INFO_HISTORY_1_NEW","DBCOMP_DEMO",,"DBCOMP_DEMO","TBL_INFO_HISTORY_1_OLD",,
"TBL_INCREASE_SUBSCRIPT_1_NEW","DBCOMP_DEMO",,"DBCOMP_DEMO","TBL_INCREASE_SUBSCRIPT_1_OLD",,
"TBL_LOGIN_HISTORY_LOG_NEW","DBCOMP_DEMO",,"DBCOMP_DEMO","TBL_LOGIN_HISTORY_LOG_OLD",,
"TBL_LOGINUSER_1_NEW","DBCOMP_DEMO",,"DBCOMP_DEMO","TBL_LOGINUSER_1_OLD",,
"TBL_LOGINUSER_NEW","DBCOMP_DEMO",,"DBCOMP_DEMO","TBL_LOGINUSER_OLD",,
"TBL_CONSULT_CONTACT_NEW","DBCOMP_DEMO",,"DBCOMP_DEMO","TBL_CONSULT_CONTACT_OLD",,
"CCA_SHINKI_MOUSHIKOM_1_NEW",,,"DBCOMP_DEMO",,,
"CCA_SHINKI_MOUSHIKOM_NEW",,,"DBCOMP_DEMO",,,
"TBL_ADMISSION_DOC _NEW",,,"DBCOMP_DEMO",,,
"TBL_ADVERTISEMENT_ID_NEW","DBCOMP_DEMO",,"DBCOMP_DEMO","TBL_ADVERTISEMENT_ID_OLD",,
"TBL_AGENT_NEW","DBCOMP_DEMO",,"DBCOMP_DEMO","TBL_AGENT_OLD",,
"TBL_AGENT_OPERATE_LOG_NEW","DBCOMP_DEMO",,"DBCOMP_DEMO","TBL_AGENT_OPERATE_LOG_OLD",,
"TBL_ATMFEE_GUIDANCE_HISTORY_NEW","DBCOMP_DEMO",,"DBCOMP_DEMO","TBL_ATMFEE_GUIDANCE_HISTORY_OLD",,
"TBL_AUTHENTICATION_CODE_1_NEW","DBCOMP_DEMO",,"DBCOMP_DEMO","TBL_AUTHENTICATION_CODE_1_OLD",,
"TBL_AUTHENTICATION_CODE_NEW","DBCOMP_DEMO",,"DBCOMP_DEMO","TBL_AUTHENTICATION_CODE_OLD",,
"TBL_BUSINESS_STATE_CONFIRMATION_NEW","DBCOMP_DEMO",,"DBCOMP_DEMO","TBL_BUSINESS_STATE_CONFIRMATION_OLD",,
"TBL_CARD_RECEIPT_NEW","DBCOMP_DEMO",,"DBCOMP_DEMO","TBL_CARD_RECEIPT_OLD",,
"TBL_CHARACTER_NEW","DBCOMP_DEMO",,"DBCOMP_DEMO","TBL_CHARACTER_OLD",,
"TBL_CONSULT_CONTACT_2_NEW","DBCOMP_DEMO",,"DBCOMP_DEMO","TBL_CONSULT_CONTACT_2_OLD",,
"TBL_CONTRACT_CONFIRMATION_1_NEW","DBCOMP_DEMO",,"DBCOMP_DEMO","TBL_CONTRACT_CONFIRMATION_1_OLD",,
"TBL_CONTRACT_CONFIRMATION_NEW","DBCOMP_DEMO",,"DBCOMP_DEMO","TBL_CONTRACT_CONFIRMATION_OLD",,
"TBL_CONTRACT_CONFIRMATION_PDF_NEW","DBCOMP_DEMO",,"DBCOMP_DEMO","TBL_CONTRACT_CONFIRMATION_PDF_OLD",,
"TBL_ENQUETE_1_NEW","DBCOMP_DEMO",,"DBCOMP_DEMO","TBL_ENQUETE_1_OLD",,
"TBL_ENQUETE_NEW","DBCOMP_DEMO",,"DBCOMP_DEMO","TBL_ENQUETE_OLD",,
"TBL_EXAMINATION_STATUS_HISTORY_1_NEW","DBCOMP_DEMO",,"DBCOMP_DEMO","TBL_EXAMINATION_STATUS_HISTORY_1_OLD",,
"TBL_EXAMINATION_STATUS_HISTORY_NEW","DBCOMP_DEMO",,"DBCOMP_DEMO","TBL_EXAMINATION_STATUS_HISTORY_OLD",,
"TBL_FIRST_ANNIVERSARY_CAMPAIGN_NEW","DBCOMP_DEMO",,"DBCOMP_DEMO","TBL_FIRST_ANNIVERSARY_CAMPAIGN_OLD",,
"TBL_INFO_CONTACT_NEW","DBCOMP_DEMO",,"DBCOMP_DEMO","TBL_INFO_CONTACT_OLD",,
"TBL_INFO_HISTORY_2_NEW","DBCOMP_DEMO",,"DBCOMP_DEMO","TBL_INFO_HISTORY_2_OLD",,
"TBL_INQUIRY_HISTORY_NEW","DBCOMP_DEMO",,"DBCOMP_DEMO","TBL_INQUIRY_HISTORY_OLD",,
"TBL_LOGIN_HISTORY_LOG_1_NEW","DBCOMP_DEMO",,"DBCOMP_DEMO","TBL_LOGIN_HISTORY_LOG_1_OLD",,
"TBL_MAIL_HISTORY_NEW","DBCOMP_DEMO",,"DBCOMP_DEMO","TBL_MAIL_HISTORY_OLD",,
"TBL_MEMBERSHIP_TERMS_PDF_NEW","DBCOMP_DEMO",,"DBCOMP_DEMO","TBL_MEMBERSHIP_TERMS_PDF_OLD",,
"TBL_MYMOBIT_HISTORY_2_NEW","DBCOMP_DEMO",,"DBCOMP_DEMO","TBL_MYMOBIT_HISTORY_2_OLD",,
"TBL_MYMOBI_MESSAGE_CAMPAIGN_NEW","DBCOMP_DEMO",,"DBCOMP_DEMO","TBL_MYMOBI_MESSAGE_CAMPAIGN_OLD",,
"TBL_NECESSARY_DOC_IMAGE_1_NEW","DBCOMP_DEMO",,"DBCOMP_DEMO","TBL_NECESSARY_DOC_IMAGE_1_OLD",,
"TBL_NECESSARY_DOC_IMAGE_NEW","DBCOMP_DEMO",,"DBCOMP_DEMO","TBL_NECESSARY_DOC_IMAGE_OLD",,
"TBL_NECESSARY_DOC_IMAGE_TMP_1_NEW","DBCOMP_DEMO",,"DBCOMP_DEMO","TBL_NECESSARY_DOC_IMAGE_TMP_1_OLD",,
"TBL_NECESSARY_DOC_IMAGE_TMP_NEW","DBCOMP_DEMO",,"DBCOMP_DEMO","TBL_NECESSARY_DOC_IMAGE_TMP_OLD",,
"TBL_NET_USER_ID_HISTORY_NEW","DBCOMP_DEMO",,"DBCOMP_DEMO","TBL_NET_USER_ID_HISTORY_OLD",,
"TBL_PAYMENT_SCH_DATE_NEW","DBCOMP_DEMO",,"DBCOMP_DEMO","TBL_PAYMENT_SCH_DATE_OLD",,
"TBL_PRESS_MAIL_NEW","DBCOMP_DEMO",,"DBCOMP_DEMO","TBL_PRESS_MAIL_OLD",,
"TBL_SBCDUPLICATE_NEW","DBCOMP_DEMO",,"DBCOMP_DEMO","TBL_SBCDUPLICATE_OLD",,
"TBL_SBCREFERER_NEW","DBCOMP_DEMO",,"DBCOMP_DEMO","TBL_SBCREFERER_OLD",,
"TBL_SBCTRACE_NEW","DBCOMP_DEMO",,"DBCOMP_DEMO","TBL_SBCTRACE_OLD",,
"TBL_SMCC_COOP_NEW","DBCOMP_DEMO",,"DBCOMP_DEMO","TBL_SMCC_COOP_OLD",,
"TBL_SMS_HISTORY_NEW","DBCOMP_DEMO",,"DBCOMP_DEMO","TBL_SMS_HISTORY_OLD",,
"TBL_STATEMENT_NEW","DBCOMP_DEMO",,"DBCOMP_DEMO","TBL_STATEMENT_OLD",,
"TBL_TEMP_AUTH_1_NEW","DBCOMP_DEMO",,"DBCOMP_DEMO","TBL_TEMP_AUTH_1_OLD",,
"TBL_TEMP_AUTH_NEW","DBCOMP_DEMO",,"DBCOMP_DEMO","TBL_TEMP_AUTH_OLD",,
"TBL_USER_AGENT_NEW","DBCOMP_DEMO",,"DBCOMP_DEMO","TBL_USER_AGENT_OLD",,
