{"Packages":[{"Package":{"Id":"UiPath.Python.Activities","Version":"1.1.6863.33404"},"Assemblies":["C:\\Users\\502743330\\.nuget\\packages\\uipath.python.activities/1.1.6863.33404\\lib/net452/UiPath.Python.Activities.Design.dll","C:\\Users\\502743330\\.nuget\\packages\\uipath.python.activities/1.1.6863.33404\\lib/net452/UiPath.Python.Activities.dll","C:\\Users\\502743330\\.nuget\\packages\\uipath.python.activities/1.1.6863.33404\\lib/net452/UiPath.Python.dll","C:\\Users\\502743330\\.nuget\\packages\\uipath.python.activities/1.1.6863.33404\\lib/net452/x64/Python.Runtime.35.dll","C:\\Users\\502743330\\.nuget\\packages\\uipath.python.activities/1.1.6863.33404\\lib/net452/x64/Python.Runtime.36.dll","C:\\Users\\502743330\\.nuget\\packages\\uipath.python.activities/1.1.6863.33404\\lib/net452/x86/Python.Runtime.27.dll","C:\\Users\\502743330\\.nuget\\packages\\uipath.python.activities/1.1.6863.33404\\lib/net452/x86/Python.Runtime.33.dll","C:\\Users\\502743330\\.nuget\\packages\\uipath.python.activities/1.1.6863.33404\\lib/net452/x86/Python.Runtime.34.dll","C:\\Users\\502743330\\.nuget\\packages\\uipath.python.activities/1.1.6863.33404\\lib/net452/x86/Python.Runtime.35.dll","C:\\Users\\502743330\\.nuget\\packages\\uipath.python.activities/1.1.6863.33404\\lib/net452/x86/Python.Runtime.36.dll"]},{"Package":{"Id":"IronPython","Version":"2.7.9"},"Assemblies":["C:\\Users\\502743330\\.nuget\\packages\\dynamiclanguageruntime/1.2.2\\lib/net45/Microsoft.Dynamic.dll","C:\\Users\\502743330\\.nuget\\packages\\dynamiclanguageruntime/1.2.2\\lib/net45/Microsoft.Scripting.Metadata.dll","C:\\Users\\502743330\\.nuget\\packages\\dynamiclanguageruntime/1.2.2\\lib/net45/Microsoft.Scripting.dll","C:\\Users\\502743330\\.nuget\\packages\\ironpython/2.7.9\\lib/net45/IronPython.Modules.dll","C:\\Users\\502743330\\.nuget\\packages\\ironpython/2.7.9\\lib/net45/IronPython.SQLite.dll","C:\\Users\\502743330\\.nuget\\packages\\ironpython/2.7.9\\lib/net45/IronPython.Wpf.dll","C:\\Users\\502743330\\.nuget\\packages\\ironpython/2.7.9\\lib/net45/IronPython.dll"]},{"Package":{"Id":"IronPython.StdLib","Version":"2.7.9"},"Assemblies":["C:\\Users\\502743330\\.nuget\\packages\\dynamiclanguageruntime/1.2.2\\lib/net45/Microsoft.Dynamic.dll","C:\\Users\\502743330\\.nuget\\packages\\dynamiclanguageruntime/1.2.2\\lib/net45/Microsoft.Scripting.Metadata.dll","C:\\Users\\502743330\\.nuget\\packages\\dynamiclanguageruntime/1.2.2\\lib/net45/Microsoft.Scripting.dll","C:\\Users\\502743330\\.nuget\\packages\\ironpython/2.7.9\\lib/net45/IronPython.Modules.dll","C:\\Users\\502743330\\.nuget\\packages\\ironpython/2.7.9\\lib/net45/IronPython.SQLite.dll","C:\\Users\\502743330\\.nuget\\packages\\ironpython/2.7.9\\lib/net45/IronPython.Wpf.dll","C:\\Users\\502743330\\.nuget\\packages\\ironpython/2.7.9\\lib/net45/IronPython.dll"]},{"Package":{"Id":"python2x86","Version":"2.7.15"},"Assemblies":[]},{"Package":{"Id":"python2","Version":"2.7.15"},"Assemblies":[]},{"Package":{"Id":"pythonIOS-2.7-arm64-10.3","Version":"1.0.0.7"},"Assemblies":[]},{"Package":{"Id":"Python35","Version":"3.5.1.1"},"Assemblies":[]},{"Package":{"Id":"Python36","Version":"3.6.0"},"Assemblies":[]},{"Package":{"Id":"BodyStatus","Version":"3.1.0"},"Assemblies":[]},{"Package":{"Id":"Status","Version":"1.0.0"},"Assemblies":["C:\\Users\\502743330\\.nuget\\packages\\fsharp.core/4.2.3\\lib/net45/FSharp.Core.dll","C:\\Users\\502743330\\.nuget\\packages\\status/1.0.0\\lib/netstandard2.0/Status.dll"]},{"Package":{"Id":"UiPath.UIAutomation.Activities","Version":"19.1.0"},"Assemblies":["C:\\Users\\502743330\\.nuget\\packages\\avalonedit/5.0.3\\lib/Net40/ICSharpCode.AvalonEdit.dll","C:\\Users\\502743330\\.nuget\\packages\\caliburn.micro/3.0.1\\lib/net45/Caliburn.Micro.Platform.Core.dll","C:\\Users\\502743330\\.nuget\\packages\\caliburn.micro/3.0.1\\lib/net45/Caliburn.Micro.Platform.dll","C:\\Users\\502743330\\.nuget\\packages\\caliburn.micro/3.0.1\\lib/net45/System.Windows.Interactivity.dll","C:\\Users\\502743330\\.nuget\\packages\\caliburn.micro.core/3.0.1\\lib/net45/Caliburn.Micro.dll","C:\\Users\\502743330\\.nuget\\packages\\extended.wpf.toolkit/2.8.0\\lib/net40/Xceed.Wpf.AvalonDock.Themes.Aero.dll","C:\\Users\\502743330\\.nuget\\packages\\extended.wpf.toolkit/2.8.0\\lib/net40/Xceed.Wpf.AvalonDock.Themes.Metro.dll","C:\\Users\\502743330\\.nuget\\packages\\extended.wpf.toolkit/2.8.0\\lib/net40/Xceed.Wpf.AvalonDock.Themes.VS2010.dll","C:\\Users\\502743330\\.nuget\\packages\\extended.wpf.toolkit/2.8.0\\lib/net40/Xceed.Wpf.AvalonDock.dll","C:\\Users\\502743330\\.nuget\\packages\\extended.wpf.toolkit/2.8.0\\lib/net40/Xceed.Wpf.DataGrid.dll","C:\\Users\\502743330\\.nuget\\packages\\extended.wpf.toolkit/2.8.0\\lib/net40/Xceed.Wpf.Toolkit.dll","C:\\Users\\502743330\\.nuget\\packages\\humanizer.core/2.4.2\\lib/netstandard2.0/Humanizer.dll","C:\\Users\\502743330\\.nuget\\packages\\uipath/10.0.6957.21531\\lib/UiPath.Interop.dll","C:\\Users\\502743330\\.nuget\\packages\\uipath.uiautomation.activities/19.1.0\\lib/net461/ActiproSoftware.Docking.Wpf.dll","C:\\Users\\502743330\\.nuget\\packages\\uipath.uiautomation.activities/19.1.0\\lib/net461/ActiproSoftware.Editors.Wpf.dll","C:\\Users\\502743330\\.nuget\\packages\\uipath.uiautomation.activities/19.1.0\\lib/net461/ActiproSoftware.Ribbon.Wpf.dll","C:\\Users\\502743330\\.nuget\\packages\\uipath.uiautomation.activities/19.1.0\\lib/net461/ActiproSoftware.Shared.Wpf.dll","C:\\Users\\502743330\\.nuget\\packages\\uipath.uiautomation.activities/19.1.0\\lib/net461/ActiproSoftware.SyntaxEditor.Addons.DotNet.Wpf.dll","C:\\Users\\502743330\\.nuget\\packages\\uipath.uiautomation.activities/19.1.0\\lib/net461/ActiproSoftware.SyntaxEditor.Wpf.dll","C:\\Users\\502743330\\.nuget\\packages\\uipath.uiautomation.activities/19.1.0\\lib/net461/ActiproSoftware.Text.Addons.DotNet.Wpf.dll","C:\\Users\\502743330\\.nuget\\packages\\uipath.uiautomation.activities/19.1.0\\lib/net461/ActiproSoftware.Text.LLParser.Wpf.dll","C:\\Users\\502743330\\.nuget\\packages\\uipath.uiautomation.activities/19.1.0\\lib/net461/ActiproSoftware.Text.Wpf.dll","C:\\Users\\502743330\\.nuget\\packages\\uipath.uiautomation.activities/19.1.0\\lib/net461/ActiproSoftware.Wizard.Wpf.dll","C:\\Users\\502743330\\.nuget\\packages\\uipath.uiautomation.activities/19.1.0\\lib/net461/UiPath.UIAutomation.Activities.Design.dll","C:\\Users\\502743330\\.nuget\\packages\\uipath.uiautomation.activities/19.1.0\\lib/net461/UiPath.UiAutomation.Activities.dll","C:\\Users\\502743330\\.nuget\\packages\\uipath.uiautomation.activities/19.1.0\\lib/net461/UiPath.Wizards.dll","C:\\Users\\502743330\\.nuget\\packages\\uipath.vision/1.2.0\\lib/net452/UiPath.NeuralNet.dll","C:\\Users\\502743330\\.nuget\\packages\\uipath.vision/1.2.0\\lib/net452/UiPath.Vision.Core.dll","C:\\Users\\502743330\\.nuget\\packages\\uipath.vision/1.2.0\\lib/net452/UiPath.Vision.dll","C:\\Users\\502743330\\.nuget\\packages\\uipath.vision/1.2.0\\lib/net452/UiPath.Vision.Package.dll"]},{"Package":{"Id":"UiPath.System.Activities","Version":"18.4.2"},"Assemblies":["C:\\Users\\502743330\\.nuget\\packages\\csvhelper/2.13.5\\lib/net40-client/CsvHelper.dll","C:\\Users\\502743330\\.nuget\\packages\\microsoft.rest.clientruntime/2.3.10\\lib/net452/Microsoft.Rest.ClientRuntime.dll","C:\\Users\\502743330\\.nuget\\packages\\newtonsoft.json/10.0.3\\lib/net45/Newtonsoft.Json.dll","C:\\Users\\502743330\\.nuget\\packages\\uipath.system.activities/18.4.2\\lib/net461/ActiproSoftware.Docking.Wpf.dll","C:\\Users\\502743330\\.nuget\\packages\\uipath.system.activities/18.4.2\\lib/net461/ActiproSoftware.Ribbon.Wpf.dll","C:\\Users\\502743330\\.nuget\\packages\\uipath.system.activities/18.4.2\\lib/net461/ActiproSoftware.Shared.Wpf.dll","C:\\Users\\502743330\\.nuget\\packages\\uipath.system.activities/18.4.2\\lib/net461/ActiproSoftware.SyntaxEditor.Addons.DotNet.Wpf.dll","C:\\Users\\502743330\\.nuget\\packages\\uipath.system.activities/18.4.2\\lib/net461/ActiproSoftware.SyntaxEditor.Wpf.dll","C:\\Users\\502743330\\.nuget\\packages\\uipath.system.activities/18.4.2\\lib/net461/ActiproSoftware.Text.Addons.DotNet.Wpf.dll","C:\\Users\\502743330\\.nuget\\packages\\uipath.system.activities/18.4.2\\lib/net461/ActiproSoftware.Text.LLParser.Wpf.dll","C:\\Users\\502743330\\.nuget\\packages\\uipath.system.activities/18.4.2\\lib/net461/ActiproSoftware.Text.Wpf.dll","C:\\Users\\502743330\\.nuget\\packages\\uipath.system.activities/18.4.2\\lib/net461/ActiproSoftware.Wizard.Wpf.dll","C:\\Users\\502743330\\.nuget\\packages\\uipath.system.activities/18.4.2\\lib/net461/UiPath.OrchestratorClient.dll","C:\\Users\\502743330\\.nuget\\packages\\uipath.system.activities/18.4.2\\lib/net461/UiPath.System.Activities.Design.dll","C:\\Users\\502743330\\.nuget\\packages\\uipath.system.activities/18.4.2\\lib/net461/UiPath.System.Activities.dll"]},{"Package":{"Id":"UiPath.Excel.Activities","Version":"2.5.1"},"Assemblies":["C:\\Users\\502743330\\.nuget\\packages\\closedxml/0.87.1\\lib/net40/ClosedXML.dll","C:\\Users\\502743330\\.nuget\\packages\\csvhelper/2.13.5\\lib/net40-client/CsvHelper.dll","C:\\Users\\502743330\\.nuget\\packages\\documentformat.openxml/2.5.0\\lib/DocumentFormat.OpenXml.dll","C:\\Users\\502743330\\.nuget\\packages\\microsoft.visualstudio.ole.interop/7.10.6071\\lib/Microsoft.VisualStudio.OLE.Interop.dll","C:\\Users\\502743330\\.nuget\\packages\\npoi/2.4.1\\lib/net45/NPOI.OOXML.dll","C:\\Users\\502743330\\.nuget\\packages\\npoi/2.4.1\\lib/net45/NPOI.OpenXml4Net.dll","C:\\Users\\502743330\\.nuget\\packages\\npoi/2.4.1\\lib/net45/NPOI.OpenXmlFormats.dll","C:\\Users\\502743330\\.nuget\\packages\\npoi/2.4.1\\lib/net45/NPOI.dll","C:\\Users\\502743330\\.nuget\\packages\\sharpziplib/1.0.0\\lib/net45/ICSharpCode.SharpZipLib.dll","C:\\Users\\502743330\\.nuget\\packages\\uipath.excel.activities/2.5.1\\lib/net452/UiPath.Excel.Activities.Design.dll","C:\\Users\\502743330\\.nuget\\packages\\uipath.excel.activities/2.5.1\\lib/net452/UiPath.Excel.Activities.dll","C:\\Users\\502743330\\.nuget\\packages\\uipath.excel.activities/2.5.1\\lib/net452/UiPath.Excel.dll"]},{"Package":{"Id":"UiPath.Mail.Activities","Version":"1.3.0"},"Assemblies":["C:\\Users\\502743330\\.nuget\\packages\\bouncycastle/1.8.1\\lib/BouncyCastle.Crypto.dll","C:\\Users\\502743330\\.nuget\\packages\\microsoft.exchange.webservices/2.2.0\\lib/40/Microsoft.Exchange.WebServices.Auth.dll","C:\\Users\\502743330\\.nuget\\packages\\microsoft.exchange.webservices/2.2.0\\lib/40/Microsoft.Exchange.WebServices.dll","C:\\Users\\502743330\\.nuget\\packages\\uipath.mail.activities/1.3.0\\lib/net452/MailKit.dll","C:\\Users\\502743330\\.nuget\\packages\\uipath.mail.activities/1.3.0\\lib/net452/MimeKit.dll","C:\\Users\\502743330\\.nuget\\packages\\uipath.mail.activities/1.3.0\\lib/net452/UiPath.Mail.Activities.Design.dll","C:\\Users\\502743330\\.nuget\\packages\\uipath.mail.activities/1.3.0\\lib/net452/UiPath.Mail.Activities.dll","C:\\Users\\502743330\\.nuget\\packages\\uipath.mail.activities/1.3.0\\lib/net452/UiPath.Mail.dll"]},{"Package":{"Id":"Caliburn.Micro","Version":"3.0.1"},"Assemblies":["C:\\Users\\502743330\\.nuget\\packages\\caliburn.micro/3.0.1\\lib/net45/Caliburn.Micro.Platform.Core.dll","C:\\Users\\502743330\\.nuget\\packages\\caliburn.micro/3.0.1\\lib/net45/Caliburn.Micro.Platform.dll","C:\\Users\\502743330\\.nuget\\packages\\caliburn.micro/3.0.1\\lib/net45/System.Windows.Interactivity.dll","C:\\Users\\502743330\\.nuget\\packages\\caliburn.micro.core/3.0.1\\lib/net45/Caliburn.Micro.dll"]},{"Package":{"Id":"BouncyCastle","Version":"1.8.1"},"Assemblies":["C:\\Users\\502743330\\.nuget\\packages\\bouncycastle/1.8.1\\lib/BouncyCastle.Crypto.dll"]},{"Package":{"Id":"UiPath.Cognitive.Activities","Version":"2.1.6863.31992"},"Assemblies":["C:\\Users\\502743330\\.nuget\\packages\\newtonsoft.json/10.0.3\\lib/net45/Newtonsoft.Json.dll","C:\\Users\\502743330\\.nuget\\packages\\uipath.cognitive.activities/2.1.6863.31992\\lib/net45/UiPath.Cognitive.Activities.Design.dll","C:\\Users\\502743330\\.nuget\\packages\\uipath.cognitive.activities/2.1.6863.31992\\lib/net45/UiPath.Cognitive.Activities.dll","C:\\Users\\502743330\\.nuget\\packages\\uipath.cognitive.activities/2.1.6863.31992\\lib/net45/UiPath.Cognitive.dll"]},{"Package":{"Id":"UiPath.Credentials.Activities","Version":"1.1.6479.13204"},"Assemblies":["C:\\Users\\502743330\\.nuget\\packages\\credentialmanagement/1.0.2\\lib/net35/CredentialManagement.dll","C:\\Users\\502743330\\.nuget\\packages\\uipath.credentials.activities/1.1.6479.13204\\lib/net40-client/UiPath.Credentials.Activities.dll"]},{"Package":{"Id":"UiPath.Cryptography.Activities","Version":"1.0.6863.32236"},"Assemblies":["C:\\Users\\502743330\\.nuget\\packages\\uipath.cryptography.activities/1.0.6863.32236\\lib/net452/UiPath.Cryptography.Activities.Design.dll","C:\\Users\\502743330\\.nuget\\packages\\uipath.cryptography.activities/1.0.6863.32236\\lib/net452/UiPath.Cryptography.Activities.dll","C:\\Users\\502743330\\.nuget\\packages\\uipath.cryptography.activities/1.0.6863.32236\\lib/net452/UiPath.Cryptography.dll"]},{"Package":{"Id":"UiPath.Database.Activities","Version":"1.2.6863.32528"},"Assemblies":["C:\\Users\\502743330\\.nuget\\packages\\uipath.database.activities/1.2.6863.32528\\lib/net40-Client/Microsoft.Data.ConnectionUI.Dialog.dll","C:\\Users\\502743330\\.nuget\\packages\\uipath.database.activities/1.2.6863.32528\\lib/net40-Client/UiPath.Database.Activities.Design.dll","C:\\Users\\502743330\\.nuget\\packages\\uipath.database.activities/1.2.6863.32528\\lib/net40-Client/UiPath.Database.Activities.dll","C:\\Users\\502743330\\.nuget\\packages\\uipath.database.activities/1.2.6863.32528\\lib/net40-Client/UiPath.Database.dll"]},{"Package":{"Id":"UiPath.FTP.Activities","Version":"1.0.6479.13206"},"Assemblies":["C:\\Users\\502743330\\.nuget\\packages\\ssh.net/2013.4.7\\lib/net40/Renci.SshNet.dll","C:\\Users\\502743330\\.nuget\\packages\\system.net.ftpclient/1.0.5281.14359\\lib/net40/System.Net.FtpClient.dll","C:\\Users\\502743330\\.nuget\\packages\\uipath.ftp.activities/1.0.6479.13206\\lib/net40/UiPath.FTP.Activities.Design.dll","C:\\Users\\502743330\\.nuget\\packages\\uipath.ftp.activities/1.0.6479.13206\\lib/net40/UiPath.FTP.Activities.dll"]},{"Package":{"Id":"UiPath.IntelligentOCR.Activities","Version":"1.1.6863.32845"},"Assemblies":["C:\\Users\\502743330\\.nuget\\packages\\uipath.intelligentocr.activities/1.1.6863.32845\\lib/net452/FCEngine.VisualComponents.dll","C:\\Users\\502743330\\.nuget\\packages\\uipath.intelligentocr.activities/1.1.6863.32845\\lib/net452/Interop.FCEngine.dll","C:\\Users\\502743330\\.nuget\\packages\\uipath.intelligentocr.activities/1.1.6863.32845\\lib/net452/UiPath.IntelligentOCR.Activities.Design.dll","C:\\Users\\502743330\\.nuget\\packages\\uipath.intelligentocr.activities/1.1.6863.32845\\lib/net452/UiPath.IntelligentOCR.Activities.dll","C:\\Users\\502743330\\.nuget\\packages\\uipath.intelligentocr.activities/1.1.6863.32845\\lib/net452/UiPath.IntelligentOCR.dll"]},{"Package":{"Id":"UiPath.Java.Activities","Version":"1.0.6863.33114"},"Assemblies":["C:\\Users\\502743330\\.nuget\\packages\\uipath.java.activities/1.0.6863.33114\\lib/net452/UiPath.Java.Activities.Design.dll","C:\\Users\\502743330\\.nuget\\packages\\uipath.java.activities/1.0.6863.33114\\lib/net452/UiPath.Java.Activities.dll","C:\\Users\\502743330\\.nuget\\packages\\uipath.java.activities/1.0.6863.33114\\lib/net452/UiPath.Java.dll"]},{"Package":{"Id":"UiPath.PDF.Activities","Version":"1.2.6863.34697"},"Assemblies":["C:\\Users\\502743330\\.nuget\\packages\\uipath.pdf.activities/1.2.6863.34697\\lib/net40-Client/UiPath.PDF.Activities.Design.dll","C:\\Users\\502743330\\.nuget\\packages\\uipath.pdf.activities/1.2.6863.34697\\lib/net40-Client/UiPath.PDF.Activities.dll","C:\\Users\\502743330\\.nuget\\packages\\uipath.pdf.activities/1.2.6863.34697\\lib/net40-Client/UiPath.PDF.dll","C:\\Users\\502743330\\.nuget\\packages\\uipath.pdf.activities/1.2.6863.34697\\lib/net40-Client/x86/pdfium.dll"]},{"Package":{"Id":"UiPath.Swashbuckle.Odata","Version":"1.2.0"},"Assemblies":["C:\\Users\\502743330\\.nuget\\packages\\microsoft.aspnet.odata/6.0.0\\lib/net45/System.Web.OData.dll","C:\\Users\\502743330\\.nuget\\packages\\microsoft.aspnet.webapi.client/4.0.20505\\lib/net40/System.Net.Http.Formatting.dll","C:\\Users\\502743330\\.nuget\\packages\\microsoft.aspnet.webapi.core/4.0.20505\\lib/net40/System.Web.Http.dll","C:\\Users\\502743330\\.nuget\\packages\\microsoft.extensions.dependencyinjection/1.0.0\\lib/netstandard1.1/Microsoft.Extensions.DependencyInjection.dll","C:\\Users\\502743330\\.nuget\\packages\\microsoft.extensions.dependencyinjection.abstractions/1.0.0\\lib/netstandard1.0/Microsoft.Extensions.DependencyInjection.Abstractions.dll","C:\\Users\\502743330\\.nuget\\packages\\microsoft.net.http/2.0.20505\\lib/net40/System.Net.Http.WebRequest.dll","C:\\Users\\502743330\\.nuget\\packages\\microsoft.net.http/2.0.20505\\lib/net40/System.Net.Http.dll","C:\\Users\\502743330\\.nuget\\packages\\microsoft.odata.core/7.0.0\\lib/portable-net45+win8+wpa81/Microsoft.OData.Core.dll","C:\\Users\\502743330\\.nuget\\packages\\microsoft.odata.edm/7.0.0\\lib/portable-net45+win8+wpa81/Microsoft.OData.Edm.dll","C:\\Users\\502743330\\.nuget\\packages\\microsoft.spatial/7.0.0\\lib/portable-net45+win8+wpa81/Microsoft.Spatial.dll","C:\\Users\\502743330\\.nuget\\packages\\newtonsoft.json/10.0.3\\lib/net45/Newtonsoft.Json.dll","C:\\Users\\502743330\\.nuget\\packages\\swashbuckle.core/5.5.2\\lib/net40/Swashbuckle.Core.dll","C:\\Users\\502743330\\.nuget\\packages\\uipath.swashbuckle.odata/1.2.0\\lib/net452/Swashbuckle.OData.dll"]},{"Package":{"Id":"UiPath.Terminal.Activities","Version":"1.2.6863.33681"},"Assemblies":["C:\\Users\\502743330\\.nuget\\packages\\fluent.ribbon/3.5.1.198\\lib/net45/Fluent.dll","C:\\Users\\502743330\\.nuget\\packages\\fluent.ribbon/3.5.1.198\\lib/net45/System.Windows.Interactivity.dll","C:\\Users\\502743330\\.nuget\\packages\\uipath.terminal.activities/1.2.6863.33681\\lib/net45/NLog.dll","C:\\Users\\502743330\\.nuget\\packages\\uipath.terminal.activities/1.2.6863.33681\\lib/net45/Open3270.dll","C:\\Users\\502743330\\.nuget\\packages\\uipath.terminal.activities/1.2.6863.33681\\lib/net45/UiPath.Terminal.Activities.Design.dll","C:\\Users\\502743330\\.nuget\\packages\\uipath.terminal.activities/1.2.6863.33681\\lib/net45/UiPath.Terminal.Activities.dll","C:\\Users\\502743330\\.nuget\\packages\\uipath.terminal.activities/1.2.6863.33681\\lib/net45/UiPath.Terminal.Attachmate.dll","C:\\Users\\502743330\\.nuget\\packages\\uipath.terminal.activities/1.2.6863.33681\\lib/net45/UiPath.Terminal.AttachmateExtra.dll","C:\\Users\\502743330\\.nuget\\packages\\uipath.terminal.activities/1.2.6863.33681\\lib/net45/UiPath.Terminal.BlueZone.dll","C:\\Users\\502743330\\.nuget\\packages\\uipath.terminal.activities/1.2.6863.33681\\lib/net45/UiPath.Terminal.IBM.dll","C:\\Users\\502743330\\.nuget\\packages\\uipath.terminal.activities/1.2.6863.33681\\lib/net45/UiPath.Terminal.dll"]},{"Package":{"Id":"UiPath.WebAPI.Activities","Version":"1.2.6863.33980"},"Assemblies":["C:\\Users\\502743330\\.nuget\\packages\\avalonedit/5.0.3\\lib/Net40/ICSharpCode.AvalonEdit.dll","C:\\Users\\502743330\\.nuget\\packages\\newtonsoft.json/10.0.3\\lib/net45/Newtonsoft.Json.dll","C:\\Users\\502743330\\.nuget\\packages\\restsharp/105.0.1\\lib/net4/RestSharp.dll","C:\\Users\\502743330\\.nuget\\packages\\uipath.webapi.activities/1.2.6863.33980\\lib/net45/UiPath.Web.Activities.Design.dll","C:\\Users\\502743330\\.nuget\\packages\\uipath.webapi.activities/1.2.6863.33980\\lib/net45/UiPath.Web.Activities.dll","C:\\Users\\502743330\\.nuget\\packages\\uipath.webapi.activities/1.2.6863.33980\\lib/net45/UiPath.Web.dll"]},{"Package":{"Id":"UiPath.Word.Activities","Version":"1.2.6863.34260"},"Assemblies":["C:\\Users\\502743330\\.nuget\\packages\\docx/1.0.0.18\\lib/net40/DocX.dll","C:\\Users\\502743330\\.nuget\\packages\\uipath.word.activities/1.2.6863.34260\\lib/net40-Client/UiPath.Word.Activities.Design.dll","C:\\Users\\502743330\\.nuget\\packages\\uipath.word.activities/1.2.6863.34260\\lib/net40-Client/UiPath.Word.Activities.dll","C:\\Users\\502743330\\.nuget\\packages\\uipath.word.activities/1.2.6863.34260\\lib/net40-Client/UiPath.Word.dll"]}],"Conflicts":[]}