{
    "AbbyyCloudOCR":"Core",
    "AbbyyOCR":"Core",
    "Activate":"Core",
    "AddCredential":"Credentials",
    "AddDataColumn":"Core",
    "AddDataRow":"Core",
    "AddLogFields":"Core",
    "AddQueueItem":"Core",
    "AddToCollection":"Core",
    "AddTransactionItem":"Core",
    "AnchorBase":"Core",
    "AppendCsvFile":"Excel",
    "AppendLine":"Core",
    "AppendRange":"Excel",
    "Assign":"Core",
    "Beep":"Core",
    "Break":"Core",
    "BrowserScope":"Core",
    "BuildDataTable":"Core",
    "Callout":"Core",
    "CancellationScope":"Core",
    "Check":"Core",
    "CheckFalse":"Core",
    "CheckTrue":"Core",
    "ClearCollection":"Core",
    "ClearDataTable":"Core",
    "Click":"Core",
    "ClickImage":"Core",
    "ClickImageTrigger":"Core",
    "ClickOCRText":"Core",
    "ClickText":"Core",
    "ClickTrigger":"Core",
    "CloseApplication":"Core",
    "CloseTab":"Core",
    "CloseWindow":"Core",
    "Comment":"Core",
    "CommentOut":"Core",
    "CopyFile":"Core",
    "CopySelectedText":"Core",
    "CreateDirectory":"Core",
    "CreateFile":"Core",
    "DatabaseConnect":"Database",
    "DatabaseDisconnect":"Database",
    "DatabaseTransaction":"Database",
    "Delay":"Core",
    "Delete":"Core",
    "DeleteCredential":"Credentials",
    "DeleteMail":"Mail",
    "DeserializeJson":"Web",
    "DeserializeJsonArray":"Web",
    "DeserializeXml":"Web",
    "Design":"Web",
    "DirectoryExists":"FTP",
    "DocumentAppendText":"Word",
    "DocumentReadText":"Word",
    "DocumentReplaceText":"Word",
    "DoubleClickImage":"Core",
    "DoubleClickOCRText":"Core",
    "DoubleClickText":"Core",
    "DoubleClick":"Core",
    "DoWhile":"Core",
    "Download":"FTP",
    "ElementScope":"Core",
    "EnumerateFiles":"FTP",
    "ExcelAppendRange":"Excel",
    "ExcelApplicationScope":"Excel",
    "ExcelCloseWorkbook":"Excel",
    "ExcelDeleteColumn":"Excel",
    "ExcelFilterTable":"Excel",
    "ExcelGetCellColor":"Excel",
    "ExcelGetTableRange":"Excel",
    "ExcelInsertColumn":"Excel",
    "ExcelReadCell":"Excel",
    "ExcelReadCellFormula":"Excel",
    "ExcelReadColumn":"Excel",
    "ExcelReadRange":"Excel",
    "ExcelReadRow":"Excel",
    "ExcelSaveWorkbook":"Excel",
    "ExcelSelectRange":"Excel",
    "ExcelSetRangeColor":"Excel",
    "ExcelSortTable":"Excel",
    "ExcelWriteCell":"Excel",
    "ExcelWriteRange":"Excel",
    "ExchangeScope":"Mail",
    "ExecuteMacro":"Excel",
    "ExecuteNonQuery":"Database",
    "ExecuteQuery":"Database",
    "ExecuteXPath":"Web",
    "ExistsInCollection":"Core",
    "ExtractData":"Core",
    "FileChangeTrigger":"Core",
    "FileExists":"FTP",
    "FindChildren":"Core",
    "FindImageMatches":"Core",
    "FindOCRText":"Core",
    "FindRelative":"Core",
    "FindText":"Core",
    "Flowchart":"Core",
    "FlowDecision":"Core",
    "FlowSwitch":"Core",
    "ForEach":"Core",
    "ForEachRow":"Core",
    "FormatValue":"Core",
    "FTPCreateDirectory":"FTP",
    "FTPDisconnect":"FTP",
    "GenerateDataTable":"Core",
    "GetActiveWindow":"Core",
    "GetAncestor":"Core",
    "GetAttribute":"Core",
    "GetEnvironmentFolder":"Core",
    "GetEnvironmentVariable":"Core",
    "GetEventInfo":"Core",
    "GetExchangeMailMessages":"Mail",
    "GetFromClipboard":"Core",
    "GetFullText":"Core",
    "GetIMAPMailMessages":"Mail",
    "GetOCRText":"Core",
    "GetOutlookMailMessages":"Mail",
    "GetPassword":"Core",
    "GetPOP3MailMessages":"Mail",
    "GetPosition":"Core",
    "GetProcesses":"Core",
    "GetQueueItem":"Core",
    "GetRobotAsset":"Core",
    "GetRobotCredential":"Core",
    "GetRowItem":"Core",
    "GetSecureCredential":"Credentials",
    "GetSourceElement":"Core",
    "GetTableRange":"Excel",
    "GetValue":"Core",
    "GetVisibleText":"Core",
    "GetXMLNodeAttributes":"Web",
    "GetXMLNodes":"Web",
    "GoBack":"Core",
    "GoForward":"Core",
    "GoHome":"Core",
    "GoogleCloudOCR":"Core",
    "GoogleOCR":"Core",
    "HideWindow":"Core",
    "Highlight":"Core",
    "HotkeyTrigger":"Core",
    "Hover":"Core",
    "HoverImage":"Core",
    "HoverOCRText":"Core",
    "HoverText":"Core",
    "If":"Core",
    "ImageFound":"Core",
    "IndicateOnScreen":"Core",
    "InjectJsScript":"Core",
    "InputDialog":"Core",
    "InsertDataTable":"Database",
    "InvokeCode":"Core",
    "InvokeComMethod":"Core",
    "InvokeMethod":"Core",
    "InvokePowerShell":"Core",
    "InvokeWorkflowFile":"Core",
    "InvokeWorkflowInteractive":"Core",
    "IsMatch":"Core",
    "KeyPressTrigger":"Core",
    "KillProcess":"Core",
    "LoadImage":"Core",
    "LogMessage":"Core",
    "Matches":"Core",
    "MaximizeWindow":"Core",
    "MergeDataTable":"Core",
    "MessageBox":"Core",
    "MicrosoftCloudOCR":"Core",
    "MicrosoftOCR":"Core",
    "MinimizeWindow":"Core",
    "MonitorEvents":"Core",
    "MouseTrigger":"Core",
    "MoveFile":"Core",
    "MoveIMAPMailMessageToFolder":"Mail",
    "MoveMessageToFolder":"Mail",
    "MoveOutlookMessage":"Mail",
    "MoveWindow":"Core",
    "NavigateTo":"Core",
    "OCRTextExists":"Core",
    "OnImageAppear":"Core",
    "OnImageVanish":"Core",
    "OnUiElementAppear":"Core",
    "OnUiElementVanish":"Core",
    "OpenApplication":"Core",
    "OpenBrowser":"Core",
    "OpenFTPSession":"FTP",
    "OutputDataTable":"Core",
    "Parallel":"Core",
    "PathExists":"Core",
    "Pick":"Core",
    "PickBranch":"Core",
    "PostponeTransactionItem":"Core",
    "Presentation":"Core",
    "ReadCell":"Excel",
    "ReadCellFormula":"Excel",
    "ReadColumn":"Excel",
    "ReadCsvFile":"Excel",
    "ReadPDFText":"PDF",
    "ReadPDFWithOCR":"PDF",
    "ReadRange":"Excel",
    "ReadRow":"Excel",
    "ReadTextFile":"Core",
    "ReadXPSText":"PDF",
    "ReadXPSWithOCR":"PDF",
    "RefreshBrowser":"Core",
    "RemoveDataColumn":"Core",
    "RemoveDataRow":"Core",
    "RemoveDirectory":"FTP",
    "RemoveFile":"FTP",
    "RemoveFromCollection":"Core",
    "RemoveLogFields":"Core",
    "Replace":"Core",
    "ReplayUserEvent":"Core",
    "RequestCredential":"Credentials",
    "RestoreWindow":"Core",
    "Rethrow":"Core",
    "RetryScope":"Core",
    "SaveImage":"Core",
    "SaveMail":"Mail",
    "SaveMailAttachments":"Mail",
    "SelectFile":"Core",
    "SelectFolder":"Core",
    "SelectItem":"Core",
    "SelectMultipleItems":"Core",
    "SendExchangeMail":"Mail",
    "SendHotkey":"Core",
    "SendMail":"Mail",
    "SendOutlookMail":"Mail",
    "Sequence":"Core",
    "SetClippingRegion":"Core",
    "SetFocus":"Core",
    "SetToClipboard":"Core",
    "SetTransactionProgress":"Core",
    "SetTransactionStatus":"Core",
    "SetValue":"Core",
    "SetWebAttribute":"Core",
    "ShouldStop":"Core",
    "ShowWindow":"Core",
    "StartProcess":"Core",
    "State":"Core",
    "StateMachine":"Core",
    "Switch":"Core",
    "SystemTrigger":"Core",
    "TakeScreenshot":"Core",
    "TerminalGetField":"Terminal",
    "TerminalGetFieldAtPosition":"Terminal",
    "TerminalGetScreenArea":"Terminal",
    "TerminalGetText":"Terminal",
    "TerminalGetTextAtPosition":"Terminal",
    "TerminalMoveCursor":"Terminal",
    "TerminalSendControlKey":"Terminal",
    "TerminalSendKeys":"Terminal",
    "TerminalSendKeysSecure":"Terminal",
    "TerminalSetField":"Terminal",
    "TerminalSetFieldAtPosition":"Terminal",
    "TerminalWaitFieldText":"Terminal",
    "TerminalWaitScreenText":"Terminal",
    "TerminalWaitTextAtPosition":"Terminal",
    "TerminalWizard":"Terminal",
    "TerminateWorkflow":"Core",
    "Text":"Cognitive",
    "TextExists":"Core",
    "Throw":"Core",
    "TryCatch":"Core",
    "TypeInto":"Core",
    "TypeSecureText":"Core",
    "UiElementExists":"Core",
    "Upload":"FTP",
    "WaitAttribute":"Core",
    "WaitImageAppear":"Core",
    "WaitImageVanish":"Core",
    "WaitUiElementAppear":"Core",
    "WaitUiElementVanish":"Core",
    "While":"Core",
    "WindowScope":"Core",
    "WithFTPSession":"FTP",
    "WordAddImage":"Word",
    "WordAppendText":"Word",
    "WordApplicationScope":"Word",
    "WordExportToPdf":"Word",
    "WordReadText":"Word",
    "WordReplaceText":"Word",
    "WordSetBookmarkContent":"Word",
    "WriteCell":"Excel",
    "WriteCsvFile":"Excel",
    "WriteLine":"Core",
    "WriteRange":"Excel",
    "WriteTextFile":"Core"
}