{
    "Sequence": "Sequence",
    "Click": "Click",
    "Hover": "Hover",
    "SendHotkey": "Send hotkey",
    "TypeInto": "Type into",
    "TypeSecureText": "Type secure text",
    "Activate": "Activate",
    "Check": "Check",
    "GetValue": "Get Text",
    "Highlight": "Highlight",
    "SelectItem": "Select item",
    "SelectMultipleItems": "Select multiple items",
    "SetFocus": "Set focus",
    "SetValue": "Set Text",
    "AnchorBase": "Anchor base",
    "UiElementExists": "Element Exists",
    "ElementScope": "Element scope",
    "FindChildren": "Find children",
    "WaitUiElementAppear": "Find Element",
    "FindRelative": "Find Relative Element",
    "GetAncestor": "Get ancestor",
    "IndicateOnScreen": "Indicate on screen",
    "WaitUiElementVanish": "Wait Element Vanish",
    "GetAttribute": "Get attribute",
    "GetPosition": "Get position",
    "SetClippingRegion": "Set clipping region",
    "TakeScreenshot": "Take screenshot",
    "WaitAttribute": "Wait attribute",
    "OnUiElementAppear": "On Element Appear",
    "OnUiElementVanish": "On Element Vanish",
    "ClickText": "Click text",
    "HoverText": "Hover text",
    "ExtractData": "Extract Structured Data",
    "FindText": "Find Text Position",
    "GetFullText": "Get full text",
    "GetVisibleText": "Get visible text",
    "TextExists": "Text Exists",
    "ClickOCRText": "Click OCR text",
    "HoverOCRText": "Hover OCR text",
    "FindOCRText": "Find OCR text",
    "GetOCRText": "Get OCR text",
    "AbbyyCloudOCR": "Abbyy Cloud OCR",
    "AbbyyOCR": "Abbyy OCR",
    "GoogleCloudOCR": "Google Cloud OCR",
    "GoogleOCR": "Google OCR",
    "MicrosoftCloudOCR": "Microsoft Cloud OCR",
    "MicrosoftOCR": "Microsoft OCR",
    "OCRTextExists": "OCR text exists",
    "ClickImage": "Click image",
    "HoverImage": "Hover image",
    "WaitImageAppear": "Find Image",
    "FindImageMatches": "Find image matches",
    "ImageFound": "Image Exists",
    "WaitImageVanish": "Wait Image Vanish",
    "OnImageAppear": "On image appear",
    "OnImageVanish": "On image vanish",
    "LoadImage": "Load image",
    "SaveImage": "Save image",
    "BrowserScope": "Attach Browser",
    "CloseTab": "Close tab",
    "GoBack": "Go back",
    "GoForward": "Go forward",
    "GoHome": "Go home",
    "InjectJsScript": "Inject js script",
    "NavigateTo": "Navigate to",
    "OpenBrowser": "Open browser",
    "RefreshBrowser": "Refresh browser",
    "SetWebAttribute": "Set web attribute",
    "WindowScope": "Attach Window",
    "CloseWindow": "Close window",
    "GetActiveWindow": "Get active window",
    "HideWindow": "Hide window",
    "MaximizeWindow": "Maximize window",
    "MinimizeWindow": "Minimize window",
    "MoveWindow": "Move window",
    "RestoreWindow": "Restore window",
    "ShowWindow": "Show window",
    "ClickTrigger": "Click trigger",
    "KeyPressTrigger": "Key press trigger",
    "ClickImageTrigger": "Click image trigger",
    "HotkeyTrigger": "Hotkey trigger",
    "MouseTrigger": "Mouse trigger",
    "SystemTrigger": "System trigger",
    "GetEventInfo": "Get event info",
    "GetSourceElement": "Get source element",
    "MonitorEvents": "Monitor events",
    "ReplayUserEvent": "Replay user event",
    "AddQueueItem": "Add queue item",
    "AddTransactionItem": "Add Transaction Item",
    "GetQueueItem": "Get Transaction Item",
    "PostponeTransactionItem": "Postpone transaction item",
    "SetTransactionProgress": "Set transaction progress",
    "SetTransactionStatus": "Set transaction status",
    "GetRobotAsset": "Get Asset",
    "GetRobotCredential": "Get Credential",
    "ShouldStop": "Should stop",
    "ExcelDeleteColumn": "Delete Column",
    "ExcelFilterTable": "Filter Table",
    "ExcelGetTableRange": "Get Table Range",
    "ExcelInsertColumn": "Insert Column",
    "ExcelSortTable": "Sort Table",
    "ExcelAppendRange": "Append Range",
    "ExcelCloseWorkbook": "Close Workbook",
    "ExcelApplicationScope": "Excel application scope",
    "ExecuteMacro": "Execute macro",
    "ExcelGetCellColor": "Get Cell Color",
    "ExcelReadCell": "Read Cell",
    "ExcelReadCellFormula": "Read Cell Formula",
    "ExcelReadColumn": "Read Column",
    "ExcelReadRange": "Read Range",
    "ExcelReadRow": "Read Row",
    "ExcelSelectRange": "Select Range",
    "ExcelSetRangeColor": "Set Range Color",
    "ExcelWriteCell": "Write Cell",
    "ExcelWriteRange": "Write Range",
    "AppendCsvFile": "Append To CSV",
    "ReadCsvFile": "Read CSV",
    "WriteCsvFile": "Write CSV",
    "SendMail": "Send SMTP Mail Message",
    "GetPOP3MailMessages": "Get POP3 Mail Messages",
    "GetOutlookMailMessages": "Get outlook mail messages",
    "MoveOutlookMessage": "Move Outlook Mail Message",
    "SendOutlookMail": "Send Outlook Mail Message",
    "GetIMAPMailMessages": "Get IMAP mail messages",
    "MoveIMAPMailMessageToFolder": "Move IMAP Mail Message",
    "DeleteMail": "Delete Exchange Mail Message",
    "ExchangeScope": "Exchange scope",
    "GetExchangeMailMessages": "Get Exchange Mail Messages",
    "MoveMessageToFolder": "Move Exchange Mail Message",
    "SendExchangeMail": "Send Exchange Mail Message",
    "SaveMailAttachments": "Save Attachments",
    "SaveMail": "Save Mail Message",
    "AppendRange": "Append range",
    "GetTableRange": "Get table range",
    "ReadCell": "Read cell",
    "ReadCellFormula": "Read cell formula",
    "ReadColumn": "Read column",
    "ReadRange": "Read range",
    "ReadRow": "Read row",
    "WriteCell": "Write cell",
    "WriteRange": "Write range",
    "AppendLine": "Append line",
    "CopyFile": "Copy file",
    "CreateDirectory": "Create directory",
    "CreateFile": "Create file",
    "Delete": "Delete",
    "FileChangeTrigger": "File change trigger",
    "MoveFile": "Move file",
    "PathExists": "Path exists",
    "ReadTextFile": "Read text file",
    "WriteTextFile": "Write text file",
    "CopySelectedText": "Copy selected text",
    "GetFromClipboard": "Get from clipboard",
    "SetToClipboard": "Set to clipboard",
    "CloseApplication": "Close application",
    "GetProcesses": "Get processes",
    "KillProcess": "Kill process",
    "OpenApplication": "Open application",
    "StartProcess": "Start process",
    "Beep": "Beep",
    "GetEnvironmentFolder": "Get environment folder",
    "GetEnvironmentVariable": "Get environment variable",
    "GetPassword": "Get password",
    "InvokePowerShell": "Invoke power shell",
    "Callout": "Callout",
    "InputDialog": "Input dialog",
    "MessageBox": "Message box",
    "SelectFile": "Select file",
    "SelectFolder": "Select folder",
    "AddToCollection": "Add to collection",
    "ClearCollection": "Clear collection",
    "ExistsInCollection": "Exists in collection",
    "RemoveFromCollection": "Remove from collection",
    "IsMatch": "Is match",
    "Matches": "Matches",
    "Replace": "Replace",
    "AddDataColumn": "Add data column",
    "AddDataRow": "Add data row",
    "BuildDataTable": "Build data table",
    "ClearDataTable": "Clear data table",
    "ForEachRow": "For each row",
    "GenerateDataTable": "Generate Data Table",
    "GetRowItem": "Get row item",
    "MergeDataTable": "Merge data table",
    "OutputDataTable": "Output data table",
    "RemoveDataColumn": "Remove data column",
    "RemoveDataRow": "Remove data row",
    "AddLogFields": "Add log fields",
    "Comment": "Comment",
    "CommentOut": "Comment out",
    "LogMessage": "Log message",
    "RemoveLogFields": "Remove log fields",
    "WriteLine": "Write line",
    "InvokeComMethod": "Invoke com method",
    "InvokeMethod": "Invoke method",
    "FormatValue": "Format value",
    "Assign": "Assign",
    "Break": "Break",
    "CancellationScope": "Cancellation scope",
    "Delay": "Delay",
    "DoWhile": "Do while",
    "ForEach": "For each",
    "If": "If",
    "Parallel": "Parallel",
    "ParallelForEach": "Parallel for each",
    "Pick": "Pick",
    "PickBranch": "PickBranch",
    "RetryScope": "Retry scope",
    "Switch": "Switch",
    "While": "While",
    "Flowchart": "Flowchart",
    "StateMachine": "State machine",
    "State": "State",
    "Rethrow": "Rethrow",
    "TerminateWorkflow": "Terminate workflow",
    "Throw": "Throw",
    "TryCatch": "Try catch",
    "CheckFalse": "Check false",
    "CheckTrue": "Check true",
    "InvokeCode": "Invoke code",
    "InvokeWorkflowFile": "Invoke workflow file",
    "InvokeWorkflowInteractive": "Launch Workflow Interactive"
}