{
	"checkMainFile": "10",
	"checkWorkflowName": "11",
	"checkCommonWorkflowPrefix": "12",
	"checkDisplayName": "13",
	"checkName": "15",
	"checkFilePath": "18",
	"checkFilePath2": "19",
	"checkWriting":20,
	"checkPassword": "22",
	"checkScreenshot": "23",
	"checkGetEnvPath": "24",
	"checkSequenceLog": "26",
	"checkWarnLog": "27",
	"checkErrorLogWithoutThrow": "28",
	"checkTopLayerIsFlowchart": "29",
	"checkUnused": "31",
	"checkDelay": "32",
	"checkParallel": "33",
	"checkAnnotation": "34",
	"checkCitrix": "35",
	"checkTerminateWorkflow": "36",
	"checkLogMessage": "37",
	"checkActNotInCatch": "38",
	"checkNestedSequence": "-1",
	"checkArgsInMain": "-1",
	"checkExternalRef": "-1"
}