{
	"checkName": "variables / arguments naming",
	"checkDelay": "delay",
	"checkDelayBefore": "delay before",
	"checkDelayMS": "delay ms",
	"checkDelayAfter": "delay after",
	"checkDelayBetweenKeys": "delay between keys",
	"checkDisplayName": "default sequence naming",
	"checkScreenshot": "screenshot",
	"checkAnnotation": "annotation in workflow",
	"checkEmptySequence": "empty sequece",
	"checkUnusedVar": "unused variable",
	"checkTerminateWorkflow": "'terminate workflow' in common workflow",
	"checkLogMessage": "log message format",
	"checkMainFile": "main file naming",
	"checkGetPassword": "get password",
	"checkCommonWorkflowPrefix": "common workflow prefix",
	"checkWorkflowName": "workflows naming",
	"checkIfEmptyCatch": "empty catch",
	"checkNoRelatedActInCatch": "log message in catch.",
	"checkErrorLogWithoutThrow": "throw / rethrow follows error",
	"checkUnusedAct": "unused activity",
	"checkTopLayerIsFlowchart": "top layer of main file is flowchart",
	"checkArgsInMain": "args in main file", 
	"checkNestedSequence": "nested sequence",
	"checkSequenceStartLog": "log at start of sequence",
	"checkSequenceEndLog": "log at end of sequence",
	"checkProjectJson": "project.json",
	"checkHardcodedMainFile": "hard-coded main file",
	"checkExternalRef": "external reference",
	"checkHotkeyAltF4": "'Alt+F4'",

	"checkWorkflowStartLog": "log at start of workflow",
	"checkWorkflowEndLog": "log at end of workflow",
	"checkDelayWithAnnotation": "annotation for delay",
	"checkDelayBeforeWithAnnotation": "annotation for delay before",
	"checkDelayMSWithAnnotation": "annotation for delay ms",
	"checkDelayAfterWithAnnotation": "annotation for delay after",
	"checkDelayBetweenKeysWithAnnotation": "annotation for delay between keys",
	"checkClick": "if simulate click / send window messages is not checked",
	"checkType": "if simulate type / send window messages is not checked",
	"checkFilePath": "hard-coded filepath",
	"checkCatchDetail": "output catch detail",
	"checkGetAsset": "output get asset detail",
	"checkGetCredential": "get credential",
	"checkActCountInFlowchart": "count of main flowchart",
	"checkNotTopFlowchart": "flowchart except for top layer",
	"checkSendHotkey": "send hotkey without selector",
	"checkTotalDelay": "total delay",
	"checkSelector":"selector contains 'idx'",
	"checkActsWithSameSelector": "activities with same selector",
	"checkCitrix": "citrix activities",
	"checkActNotInCatch": "'activity outside catch",
	"checkParallel": "parallel",
	"checkExcelActWithPassword": "passord property used in excel activities",
	"checkHardcodedPassword": "hard-coded password",
	"checkIeInOpenApp": "open ie in open application",
	"checkErrorLogOutsideCatch": "error log outside catch",
	"checkTryInCatch": "try in catch",
	"checkScreenshotWithAnnotation": "screenshot with annotation"
}