{
    "Sequence": "Sequence",
    "Click": "Click",
    "Hover": "Hover",
    "SendHotkey": "Send hotkey",
    "TypeInto": "Type into",
    "TypeSecureText": "Type secure text",
    "Activate": "Activate",
    "Check": "Check",
    "GetValue": "Get Text",
    "Highlight": "Highlight",
    "SelectItem": "Select item",
    "SelectMultipleItems": "Select multiple items",
    "SetFocus": "Set focus",
    "SetValue": "Set Text",
    "AnchorBase": "Anchor base",
    "UiElementExists": "Element Exists",
    "ElementScope": "Element scope",
    "FindChildren": "Find children",
    "WaitUiElementAppear": "Find Element",
    "FindRelative": "Find Relative Element",
    "GetAncestor": "Get ancestor",
    "IndicateOnScreen": "Indicate on screen",
    "WaitUiElementVanish": "Wait Element Vanish",
    "GetAttribute": "Get attribute",
    "GetPosition": "Get position",
    "SetClippingRegion": "Set clipping region",
    "TakeScreenshot": "Take screenshot",
    "WaitAttribute": "Wait attribute",
    "OnUiElementAppear": "On Element Appear",
    "OnUiElementVanish": "On Element Vanish",
    "ClickText": "Click text",
    "HoverText": "Hover text",
    "ExtractData": "Extract Structured Data",
    "FindText": "Find Text Position",
    "GetFullText": "Get full text",
    "GetVisibleText": "Get visible text",
    "TextExists": "Text Exists",
    "ClickOCRText": "Click OCR text",
    "HoverOCRText": "Hover OCR text",
    "FindOCRText": "Find OCR text",
    "GetOCRText": "Get OCR text",
    "AbbyyCloudOCR": "Abbyy Cloud OCR",
    "OCRTextExists": "OCR text exists",
    "ClickImage": "Click image",
    "HoverImage": "Hover image",
    "WaitImageAppear": "Find Image",
    "FindImageMatches": "Find image matches",
    "ImageFound": "Image Exists",
    "WaitImageVanish": "Wait Image Vanish",
    "OnImageAppear": "On image appear",
    "OnImageVanish": "On image vanish",
    "LoadImage": "Load image",
    "SaveImage": "Save image",
    "BrowserScope": "Attach Browser",
    "CloseTab": "Close tab",
    "GoBack": "Go back",
    "GoForward": "Go forward",
    "GoHome": "Go home",
    "InjectJsScript": "Inject js script",
    "NavigateTo": "Navigate to",
    "OpenBrowser": "Open browser",
    "RefreshBrowser": "Refresh browser",
    "SetWebAttribute": "Set web attribute",
    "WindowScope": "Attach Window",
    "CloseWindow": "Close window",
    "GetActiveWindow": "Get active window",
    "HideWindow": "Hide window",
    "MaximizeWindow": "Maximize window",
    "MinimizeWindow": "Minimize window",
    "MoveWindow": "Move window",
    "RestoreWindow": "Restore window",
    "ShowWindow": "Show window",
    "GetEventInfo": "Get event info",
    "GetSourceElement": "Get source element",
    "MonitorEvents": "Monitor events",
    "ReplayUserEvent": "Replay user event",
    "AddQueueItem": "Add queue item",
    "AddTransactionItem": "Add Transaction Item",
    "ExcelDeleteColumn": "Delete Column",
    "ExcelFilterTable": "Filter Table",
    "ExcelGetTableRange": "Get Table Range",
    "ExcelInsertColumn": "Insert Column",
    "ExcelSortTable": "Sort Table",
    "ExcelAppendRange": "Append Range",
    "ExcelCloseWorkbook": "Close Workbook",
    "ExcelApplicationScope": "Excel application scope",
    "ExecuteMacro": "Execute macro",
    "ExcelGetCellColor": "Get Cell Color",
    "ExcelReadCell": "Read Cell",
    "ExcelReadCellFormula": "Read Cell Formula",
    "ExcelReadColumn": "Read Column",
    "ExcelReadRange": "Read Range",
    "ExcelReadRow": "Read Row",
    "ExcelSelectRange": "Select Range",
    "ExcelSetRangeColor": "Set Range Color",
    "ExcelWriteCell": "Write Cell",
    "ExcelWriteRange": "Write Range",
    "AppendCsvFile": "Append To CSV",
    "ReadCsvFile": "Read CSV",
    "WriteCsvFile": "Write CSV",
    "SendMail": "Send SMTP Mail Message",
    "GetPOP3MailMessages": "Get POP3 Mail Messages",
    "GetOutlookMailMessages": "Get outlook mail messages",
    "MoveOutlookMessage": "Move Outlook Mail Message",
    "SendOutlookMail": "Send Outlook Mail Message",
    "GetIMAPMailMessages": "Get IMAP mail messages",
    "MoveIMAPMailMessageToFolder": "Move IMAP Mail Message",
    "DeleteMail": "Delete Exchange Mail Message",
    "ExchangeScope": "Exchange scope",
    "GetExchangeMailMessages": "Get Exchange Mail Messages",
    "MoveMessageToFolder": "Move Exchange Mail Message",
    "SendExchangeMail": "Send Exchange Mail Message",
    "SaveMailAttachments": "Save Attachments",
    "SaveMail": "Save Mail Message",
    "AppendRange": "Append range",
    "GetTableRange": "Get table range",
    "ReadCell": "Read cell",
    "ReadCellFormula": "Read cell formula",
    "ReadColumn": "Read column",
    "ReadRange": "Read range",
    "ReadRow": "Read row",
    "WriteCell": "Write cell",
    "WriteRange": "Write range",
    "AppendLine": "Append line",
    "CopyFile": "Copy file",
    "CreateDirectory": "Create directory",
    "CreateFile": "Create file",
    "Delete": "Delete",
    "FileChangeTrigger": "File change trigger",
    "MoveFile": "Move file",
    "PathExists": "Path exists",
    "ReadTextFile": "Read text file",
    "WriteTextFile": "Write text file",
    "CopySelectedText": "Copy selected text",
    "GetFromClipboard": "Get from clipboard",
    "SetToClipboard": "Set to clipboard",
    "CloseApplication": "Close application",
    "GetProcesses": "Get processes",
    "KillProcess": "Kill process",
    "OpenApplication": "Open application",
    "StartProcess": "Start process",
    "GetEnvironmentFolder": "Get environment folder",
    "GetEnvironmentVariable": "Get environment variable",
    "InvokePowerShell": "Invoke power shell"
}