{
	"checkName": "ToBeFixed",
	"checkDelay": "ToBeFixed",
	"checkDelayBefore": "ToBeFixed",
	"checkDelayMS": "ToBeFixed",
	"checkDelayAfter": "ToBeFixed",
	"checkDelayBetweenKeys": "ToBeFixed",
	"checkDisplayName": "ToBeFixed",
	"checkScreenshot": "ToBeFixed",
	"checkAnnotation": "ToBeFixed",
	"checkEmptySequence": "ToBeFixed",
	"checkUnusedVar": "ToBeFixed",
	"checkTerminateWorkflow": "ToBeFixed",
	"checkLogMessage": "ToBeFixed",
	"checkMainFile": "ToBeFixed",
	"checkGetPassword": "ToBeFixed",
	"checkCommonWorkflowPrefix": "ToBeFixed",
	"checkWorkflowName": "ToBeFixed",
	"checkIfEmptyCatch": "ToBeFixed",
	"checkNoRelatedActInCatch": "ToBeFixed",
	"checkErrorLogWithoutThrow": "ToBeFixed",
	"checkUnusedAct": "ToBeFixed",
	"checkTopLayerIsFlowchart": "ToBeFixed",
	"checkArgsInMain": "ToBeFixed", 
	"checkNestedSequence": "ToBeFixed",
	"checkSequenceStartLog": "ToBeFixed",
	"checkSequenceEndLog": "ToBeFixed",
	"checkProjectJson": "ToBeFixed",
	"checkHardcodedMainFile": "ToBeFixed",
	"checkExternalRef": "ToBeFixed",
	"checkHotkeyAltF4": "ToBeFixed",

	"checkWorkflowStartLog": "DoubleCheck",
	"checkWorkflowEndLog": "DoubleCheck",
	"checkDelayWithAnnotation": "DoubleCheck",
	"checkDelayBeforeWithAnnotation": "DoubleCheck",
	"checkDelayMSWithAnnotation": "DoubleCheck",
	"checkDelayAfterWithAnnotation": "DoubleCheck",
	"checkDelayBetweenKeysWithAnnotation": "DoubleCheck",	
	"checkClick": "DoubleCheck",
	"checkType": "DoubleCheck",
	"checkFilePath": "DoubleCheck",
	"checkCatchDetail": "DoubleCheck",
	"checkGetAsset": "DoubleCheck",
	"checkGetCredential": "DoubleCheck",
	"checkActCountInFlowchart": "DoubleCheck",
	"checkNotTopFlowchart": "DoubleCheck",
	"checkSendHotkey": "DoubleCheck",
	"checkTotalDelay": "DoubleCheck",
	"checkSelector":"DoubleCheck",
	"checkActsWithSameSelector": "DoubleCheck",
	"checkCitrix": "DoubleCheck",
	"checkActNotInCatch": "DoubleCheck",
	"checkParallel": "DoubleCheck",
	"checkExcelActWithPassword": "DoubleCheck",
	"checkHardcodedPassword": "DoubleCheck",
	"checkIeInOpenApp": "DoubleCheck",
	"checkErrorLogOutsideCatch": "DoubleCheck",
	"checkTryInCatch": "DoubleCheck",
	"checkScreenshotWithAnnotation": "DoubleCheck"
}